{
  "employees": [
    {
      "id": 1,
      "name": "AA",
      "title": "Jr",
      "dept": "DEV"
    },
    {
      "id": 2,
      "name": "KLL",
      "title": "ere",
      "dept": "DEV"
    },
    {
      "id": 3,
      "name": "WWW",
      "title": "ee",
      "dept": "QA"
    },
    {
      "id": 4,
      "name": "AWS",
      "title": "Mgmt",
      "dept": "DEV"
    },
    {
      "id": 6,
      "name": "gujju",
      "title": "bhai",
      "dept": "Money"
    },
    {
      "id": 7,
      "name": "manoj",
      "title": "hr",
      "dept": "qa"
    },
    {
      "id": 9,
      "name": "priyanka1",
      "title": "dev1",
      "dept": "lps1"
    },
    {
      "id": 10,
      "name": "shesh",
      "title": "12",
      "dept": "sdaas"
    },
    {
      "id": 12,
      "name": "Deepak",
      "title": "Manager",
      "dept": "Svclnk"
    }
  ]
}